timestamp,base_yaw.pos,base_pitch.pos,elbow_pitch.pos,wrist_roll.pos,wrist_pitch.pos
2464.431920956,3.02734375,-96.25468164794007,-97.39368998628258,-6.815761448349306,-47.839748625294575
2464.465392244,3.02734375,-96.25468164794007,-97.39368998628258,-6.815761448349306,-47.839748625294575
2464.498845587,3.02734375,-96.25468164794007,-97.39368998628258,-6.815761448349306,-47.839748625294575
2464.532294301,3.02734375,-96.25468164794007,-97.39368998628258,-6.815761448349306,-47.839748625294575
2464.565738553,3.02734375,-96.25468164794007,-97.39368998628258,-6.815761448349306,-47.839748625294575
2464.599172619,3.02734375,-96.25468164794007,-97.39368998628258,-6.815761448349306,-47.839748625294575
2464.632608166,3.02734375,-96.25468164794007,-97.39368998628258,-6.815761448349306,-47.839748625294575
2464.666040362,3.02734375,-96.25468164794007,-97.39368998628258,-6.815761448349306,-47.839748625294575
2464.699479317,3.02734375,-96.25468164794007,-97.39368998628258,-6.815761448349306,-47.839748625294575
2464.73294692,3.02734375,-96.25468164794007,-97.39368998628258,-6.815761448349306,-47.839748625294575
2464.766401689,3.02734375,-96.25468164794007,-97.39368998628258,-6.815761448349306,-47.839748625294575
2464.79985531,3.02734375,-96.25468164794007,-97.39368998628258,-6.815761448349306,-47.839748625294575
2464.833337023,3.02734375,-96.25468164794007,-97.39368998628258,-6.815761448349306,-47.839748625294575
2464.866789163,3.02734375,-96.25468164794007,-97.39368998628258,-6.815761448349306,-47.839748625294575
2464.900241192,3.02734375,-96.25468164794007,-97.39368998628258,-6.815761448349306,-47.839748625294575
2464.933722016,3.02734375,-96.25468164794007,-97.39368998628258,-6.815761448349306,-47.839748625294575
2464.967176341,3.02734375,-96.25468164794007,-97.39368998628258,-6.815761448349306,-47.839748625294575
2465.000790439,3.02734375,-96.25468164794007,-97.39368998628258,-6.815761448349306,-47.839748625294575
2465.034276523,3.02734375,-96.25468164794007,-97.39368998628258,-6.815761448349306,-47.839748625294575
2465.06773907,3.02734375,-96.25468164794007,-97.39368998628258,-6.815761448349306,-47.839748625294575
2465.101192469,3.02734375,-96.25468164794007,-97.39368998628258,-6.815761448349306,-47.839748625294575
2465.134674663,3.02734375,-96.25468164794007,-97.39368998628258,-6.815761448349306,-47.839748625294575
2465.168125155,3.02734375,-96.25468164794007,-97.39368998628258,-6.815761448349306,-47.839748625294575
2465.201578887,3.02734375,-96.25468164794007,-97.39368998628258,-6.815761448349306,-47.839748625294575
2465.23505573,3.02734375,-96.25468164794007,-97.39368998628258,-6.815761448349306,-47.839748625294575
2465.268506814,3.02734375,-96.25468164794007,-97.39368998628258,-6.815761448349306,-47.839748625294575
2465.301959306,3.02734375,-96.25468164794007,-97.39368998628258,-6.815761448349306,-47.839748625294575
2465.335437927,3.02734375,-96.25468164794007,-97.39368998628258,-6.815761448349306,-47.839748625294575
2465.369273501,3.02734375,-96.25468164794007,-97.39368998628258,-6.815761448349306,-47.839748625294575
2465.402728474,3.02734375,-96.25468164794007,-97.39368998628258,-6.815761448349306,-47.839748625294575
2465.436195058,3.02734375,-96.25468164794007,-97.39368998628258,-6.815761448349306,-47.839748625294575
2465.469669919,3.02734375,-96.25468164794007,-97.39368998628258,-6.815761448349306,-47.839748625294575
2465.503139281,3.02734375,-96.25468164794007,-97.39368998628258,-6.815761448349306,-47.839748625294575
2465.536630438,3.02734375,-96.25468164794007,-97.39368998628258,-6.815761448349306,-47.839748625294575
2465.570065134,3.02734375,-96.25468164794007,-97.39368998628258,-6.815761448349306,-47.839748625294575
2465.603481311,3.02734375,-96.25468164794007,-97.39368998628258,-6.815761448349306,-47.839748625294575
2465.636900711,3.02734375,-96.25468164794007,-97.39368998628258,-6.815761448349306,-47.839748625294575
2465.670323666,3.02734375,-96.25468164794007,-97.39368998628258,-6.815761448349306,-47.839748625294575
2465.703739622,3.02734375,-96.25468164794007,-97.39368998628258,-6.815761448349306,-47.839748625294575
2465.737157429,3.02734375,-96.25468164794007,-97.39368998628258,-6.815761448349306,-47.839748625294575
2465.770572921,3.02734375,-96.25468164794007,-97.39368998628258,-6.815761448349306,-47.839748625294575
2465.803989858,3.02734375,-96.25468164794007,-97.39368998628258,-6.815761448349306,-47.839748625294575
2465.837404703,3.02734375,-96.25468164794007,-97.39368998628258,-6.815761448349306,-47.99685781618225
2465.870895971,3.02734375,-96.25468164794007,-97.39368998628258,-6.815761448349306,-47.99685781618225
2465.904332537,3.02734375,-96.25468164794007,-97.39368998628258,-6.709265175718855,-47.99685781618225
2465.937760733,3.02734375,-96.25468164794007,-96.84499314128944,-6.389776357827486,-47.839748625294575
2465.971261445,3.02734375,-96.25468164794007,-96.43347050754458,-6.176783812566555,-47.682639434406916
2466.004695363,3.02734375,-96.25468164794007,-96.29629629629629,-5.963791267305638,-47.682639434406916
2466.038132207,3.02734375,-96.25468164794007,-96.15912208504801,-5.963791267305638,-47.682639434406916
2466.071561365,3.02734375,-96.25468164794007,-95.88477366255144,-5.963791267305638,-47.52553024351924
2466.104987006,3.02734375,-96.06741573033707,-94.65020576131687,-5.963791267305638,-47.36842105263158
2466.138417812,3.02734375,-96.06741573033707,-92.18106995884773,-5.963791267305638,-45.79732914375491
2466.171843249,3.02734375,-96.06741573033707,-89.57475994513031,-5.857294994675186,-42.18381775333857
2466.205268538,3.02734375,-96.06741573033707,-86.96844993141289,-5.857294994675186,-37.31343283582089
2466.238693678,3.02734375,-96.06741573033707,-84.2249657064472,-5.857294994675186,-31.814611154752555
2466.272122133,3.02734375,-96.06741573033707,-80.79561042524006,-5.857294994675186,-26.15868028279654
2466.305544273,3.02734375,-96.06741573033707,-77.36625514403292,-5.857294994675186,-20.502749410840536
2466.33896558,3.02734375,-96.06741573033707,-74.07407407407408,-5.857294994675186,-15.475255302435201
2466.372385943,3.02734375,-96.06741573033707,-70.78189300411523,-5.857294994675186,-10.447761194029852
2466.405811361,3.02734375,-95.88014981273409,-67.62688614540465,-5.857294994675186,-5.734485467399836
2466.439233539,3.02734375,-95.50561797752809,-64.60905349794238,-5.857294994675186,-1.3354281225451672
2466.472657272,3.02734375,-94.9438202247191,-61.86556927297668,-5.7507987220447205,2.7494108405341677
2466.506081412,3.02734375,-94.5692883895131,-59.12208504801097,-5.7507987220447205,6.362922230950517
2466.539507941,3.02734375,-94.19475655430712,-56.515775034293554,-5.7507987220447205,9.819324430479199
2466.572949063,3.02734375,-93.82022471910112,-53.77229080932784,-5.7507987220447205,13.275726630007838
2466.606372536,3.02734375,-93.82022471910112,-51.028806584362144,-5.7507987220447205,16.73212882953652
2466.639796621,3.02734375,-93.82022471910112,-48.14814814814815,-5.7507987220447205,20.659858601728203
2466.673278556,3.02734375,-93.63295880149812,-45.13031550068587,-5.7507987220447205,25.05891594658287
2466.706704307,3.02734375,-92.50936329588015,-41.838134430727024,-5.7507987220447205,29.929300864100554
2466.740130651,3.02734375,-90.63670411985018,-38.27160493827161,-5.7507987220447205,34.79968578161822
2466.773558124,3.02734375,-89.13857677902621,-34.5679012345679,-5.7507987220447205,39.19874312647289
2466.806982913,3.02734375,-88.01498127340824,-31.001371742112482,-5.7507987220447205,43.283582089552226
2466.840407405,3.02734375,-85.95505617977528,-27.434842249657066,-5.7507987220447205,47.21131186174392
2466.873834693,3.02734375,-83.70786516853933,-24.00548696844993,-5.7507987220447205,50.981932443047924
2466.907260666,3.02734375,-81.83520599250936,-20.850480109739365,-5.7507987220447205,53.65278868813826
2466.940688269,3.02734375,-79.7752808988764,-18.244170096021946,-5.644302449414269,55.53809897879026
2466.974118113,3.02734375,-77.34082397003746,-15.637860082304528,-5.644302449414269,57.26630007855459
2467.007546624,3.02734375,-74.90636704119851,-13.168724279835388,-5.644302449414269,58.208955223880594
2467.040967893,3.02734375,-72.65917602996254,-10.97393689986282,-5.644302449414269,58.680282796543594
2467.074396311,3.02734375,-70.4119850187266,-8.916323731138547,-5.644302449414269,59.151610369206594
2467.107820914,3.02734375,-68.16479400749064,-7.133058984910832,-5.644302449414269,59.622937941869594
2467.141247073,3.02734375,-65.91760299625469,-5.349794238683131,-5.644302449414269,59.78004713275726
2467.174673991,3.02734375,-64.04494382022472,-3.566529492455416,-5.644302449414269,59.93715632364493
2467.208102724,3.02734375,-61.79775280898877,-1.7832647462277151,-5.644302449414269,59.93715632364493
2467.241527105,3.02734375,-59.737827715355806,-0.13717421124827922,-5.644302449414269,59.93715632364493
2467.274952374,3.02734375,-57.49063670411985,1.5089163237311425,-5.644302449414269,60.094265514532594
2467.308378107,3.02734375,-55.0561797752809,3.2921810699588576,-5.644302449414269,60.094265514532594
2467.341803377,3.02734375,-52.62172284644195,4.801097393689986,-5.644302449414269,60.094265514532594
2467.37522961,3.02734375,-50.56179775280899,6.172839506172849,-5.644302449414269,60.094265514532594
2467.408651361,3.02734375,-48.68913857677902,7.407407407407419,-5.644302449414269,60.094265514532594
2467.442077131,3.02734375,-47.00374531835207,8.230452674897123,-5.644302449414269,60.094265514532594
2467.475504438,3.02734375,-45.88014981273408,8.779149519890254,-5.644302449414269,60.094265514532594
2467.508930818,3.02734375,-45.1310861423221,9.05349794238684,-5.644302449414269,60.094265514532594
2467.54235831,3.02734375,-44.9438202247191,9.05349794238684,-5.644302449414269,60.094265514532594
2467.575783599,3.02734375,-44.569288389513105,9.05349794238684,-5.644302449414269,59.78004713275726
2467.609208387,3.02734375,-44.569288389513105,8.779149519890254,-5.644302449414269,59.78004713275726
2467.642631471,3.02734375,-44.569288389513105,8.367626886145402,-5.644302449414269,59.78004713275726
2467.676053963,3.02734375,-44.569288389513105,8.230452674897123,-5.644302449414269,59.78004713275726
2467.709479936,3.02734375,-44.569288389513105,8.230452674897123,-5.644302449414269,59.78004713275726
2467.74290791,3.02734375,-44.569288389513105,8.230452674897123,-5.644302449414269,59.622937941869594
2467.776334216,3.02734375,-44.569288389513105,8.230452674897123,-5.644302449414269,59.622937941869594
2467.809758579,3.02734375,-44.569288389513105,8.230452674897123,-5.644302449414269,59.622937941869594
2467.843182293,3.02734375,-44.569288389513105,8.09327846364883,-5.644302449414269,59.46582875098193
2467.876608377,3.02734375,-44.569288389513105,8.09327846364883,-5.644302449414269,59.46582875098193
2467.910032776,3.02734375,-44.569288389513105,8.09327846364883,-5.644302449414269,59.30871956009426
2467.943467175,3.02734375,-44.569288389513105,8.09327846364883,-5.644302449414269,59.30871956009426
2467.976890389,3.02734375,-44.569288389513105,8.09327846364883,-5.644302449414269,59.151610369206594
2468.010315344,3.02734375,-44.569288389513105,8.09327846364883,-5.644302449414269,59.151610369206594
2468.043741169,3.02734375,-44.569288389513105,8.09327846364883,-5.644302449414269,59.151610369206594
2468.077165365,3.02734375,-44.569288389513105,8.09327846364883,-5.644302449414269,59.151610369206594
2468.110588931,3.02734375,-44.569288389513105,8.09327846364883,-5.644302449414269,59.151610369206594
2468.144031978,3.02734375,-44.569288389513105,8.09327846364883,-5.644302449414269,58.99450117831893
2468.177457099,3.02734375,-44.569288389513105,8.09327846364883,-5.644302449414269,58.99450117831893
2468.210882591,3.02734375,-44.569288389513105,8.09327846364883,-5.644302449414269,58.99450117831893
2468.244306824,3.02734375,-44.569288389513105,8.09327846364883,-5.644302449414269,58.99450117831893
2468.277734501,3.02734375,-44.569288389513105,8.09327846364883,-5.644302449414269,58.99450117831893
2468.311160696,3.02734375,-44.569288389513105,8.09327846364883,-5.644302449414269,58.99450117831893
2468.344587558,3.02734375,-44.569288389513105,8.09327846364883,-5.644302449414269,58.99450117831893
2468.378012606,3.02734375,-44.569288389513105,8.09327846364883,-5.644302449414269,58.99450117831893
2468.411434561,3.02734375,-44.569288389513105,8.09327846364883,-5.644302449414269,58.99450117831893
2468.444859571,3.02734375,-44.756554307116104,8.09327846364883,-5.644302449414269,58.99450117831893
2468.478284822,3.02734375,-44.9438202247191,8.09327846364883,-5.644302449414269,58.83739198743129
2468.511710833,3.02734375,-45.31835205992509,8.09327846364883,-5.644302449414269,58.83739198743129
2468.545136195,3.02734375,-45.50561797752809,7.956104252400536,-5.644302449414269,58.83739198743129
2468.578562761,2.83203125,-45.88014981273408,7.956104252400536,-5.644302449414269,58.83739198743129
2468.611987845,2.734375,-46.441947565543074,7.956104252400536,-5.644302449414269,58.83739198743129
2468.64541217,2.44140625,-46.62921348314607,7.956104252400536,-5.644302449414269,58.680282796543594
2468.678844661,2.24609375,-46.81647940074907,7.956104252400536,-5.644302449414269,58.680282796543594
2468.71227232,2.1484375,-47.00374531835207,7.956104252400536,-5.7507987220447205,58.680282796543594
2468.74569596,1.85546875,-48.12734082397003,7.956104252400536,-5.857294994675186,58.680282796543594
2468.779122451,1.171875,-49.063670411985015,7.956104252400536,-5.963791267305638,58.680282796543594
2468.812548609,0.09765625,-49.43820224719101,7.956104252400536,-5.963791267305638,59.46582875098193
2468.845971953,-1.3671875,-50.187265917603,7.956104252400536,-5.963791267305638,59.622937941869594
2468.879395648,-3.125,-51.31086142322097,7.956104252400536,-5.963791267305638,59.93715632364493
2468.912853102,-5.17578125,-51.87265917602996,7.818930041152257,-5.963791267305638,59.93715632364493
2468.946282242,-7.51953125,-52.059925093632955,7.818930041152257,-5.857294994675186,59.93715632364493
2468.979707771,-10.15625,-53.18352059925094,7.818930041152257,-5.857294994675186,60.094265514532594
2469.013138503,-13.0859375,-54.11985018726592,7.818930041152257,-5.857294994675186,60.094265514532594
2469.046569809,-16.015625,-54.49438202247191,7.681755829903977,-5.857294994675186,60.094265514532594
2469.079993116,-19.04296875,-54.49438202247191,7.681755829903977,-5.857294994675186,60.094265514532594
2469.11342007,-22.16796875,-54.49438202247191,7.681755829903977,-5.857294994675186,60.094265514532594
2469.146841358,-25.09765625,-54.49438202247191,7.407407407407419,-5.857294994675186,60.094265514532594
2469.18026998,-27.5390625,-54.49438202247191,6.7215363511659945,-5.857294994675186,60.094265514532594
2469.213692471,-29.4921875,-54.68164794007491,6.03566529492457,-5.857294994675186,59.78004713275726
2469.247115111,-30.6640625,-55.243445692883896,5.212620027434838,-5.857294994675186,58.99450117831893
2469.280540214,-30.76171875,-56.92883895131086,3.978052126200282,-5.857294994675186,58.83739198743129
2469.313963224,-30.37109375,-57.86516853932584,2.4691358024691397,-5.7507987220447205,58.52317360565593
2469.347388901,-29.4921875,-57.86516853932584,0.960219478737983,-5.7507987220447205,58.52317360565593
2469.380812763,-28.515625,-58.052434456928836,0.13717421124827922,-5.7507987220447205,58.36606441476826
2469.414235514,-27.24609375,-58.98876404494382,-0.8230452674897037,-5.857294994675186,58.36606441476826
2469.447657691,-25.48828125,-59.55056179775281,-1.371742112482849,-5.963791267305638,58.36606441476826
2469.481082646,-23.33984375,-59.55056179775281,-1.7832647462277151,-5.963791267305638,58.36606441476826
2469.514506026,-20.703125,-59.737827715355806,-2.194787379972567,-5.963791267305638,58.36606441476826
2469.547975684,-17.578125,-59.925093632958806,-2.3319615912208604,-5.963791267305638,58.36606441476826
2469.581410693,-14.2578125,-60.1123595505618,-2.3319615912208604,-5.963791267305638,58.36606441476826
2469.614845592,-10.9375,-60.29962546816479,-2.3319615912208604,-5.963791267305638,58.36606441476826
2469.648275435,-7.71484375,-60.29962546816479,-2.3319615912208604,-5.963791267305638,58.36606441476826
2469.681716556,-4.58984375,-60.29962546816479,-2.3319615912208604,-5.963791267305638,58.36606441476826
2469.71514027,-1.5625,-60.29962546816479,-2.3319615912208604,-5.857294994675186,58.36606441476826
2469.748560836,1.26953125,-60.48689138576779,-2.3319615912208604,-5.857294994675186,58.36606441476826
2469.781982346,3.80859375,-60.48689138576779,-2.3319615912208604,-5.963791267305638,58.36606441476826
2469.815405522,6.0546875,-60.48689138576779,-2.3319615912208604,-5.963791267305638,58.36606441476826
2469.848829532,8.0078125,-60.29962546816479,-2.3319615912208604,-5.963791267305638,58.36606441476826
2469.882251857,9.5703125,-59.737827715355806,-2.3319615912208604,-5.857294994675186,58.36606441476826
2469.915677867,10.64453125,-59.176029962546814,-2.3319615912208604,-5.857294994675186,58.36606441476826
2469.949103951,11.23046875,-58.80149812734082,-2.3319615912208604,-5.857294994675186,58.36606441476826
2469.982527554,11.328125,-58.61423220973783,-2.3319615912208604,-5.857294994675186,58.36606441476826
2470.015945675,11.23046875,-58.61423220973783,-2.3319615912208604,-5.963791267305638,58.36606441476826
2470.049374371,11.03515625,-58.61423220973783,-2.3319615912208604,-6.2832800851970205,58.36606441476826
2470.082797732,10.546875,-58.61423220973783,-2.3319615912208604,-6.496272630457938,58.36606441476826
2470.116217595,9.765625,-58.61423220973783,-2.3319615912208604,-6.496272630457938,58.36606441476826
2470.14963579,8.3984375,-58.80149812734082,-2.3319615912208604,-6.496272630457938,58.36606441476826
2470.18305667,6.640625,-59.176029962546814,-2.3319615912208604,-6.602768903088389,58.36606441476826
2470.216469847,4.39453125,-59.55056179775281,-2.3319615912208604,-6.602768903088389,58.36606441476826
2470.249889321,1.7578125,-59.925093632958806,-2.3319615912208604,-6.496272630457938,58.36606441476826
2470.28330446,-0.87890625,-60.1123595505618,-2.3319615912208604,-6.496272630457938,58.36606441476826
2470.316724193,-3.41796875,-60.48689138576779,-2.4691358024691397,-6.389776357827486,58.36606441476826
2470.350143388,-5.6640625,-60.48689138576779,-2.4691358024691397,-6.070287539936103,58.52317360565593
2470.383561898,-7.51953125,-60.48689138576779,-2.4691358024691397,-5.963791267305638,58.52317360565593
2470.416983594,-8.88671875,-60.48689138576779,-2.4691358024691397,-5.857294994675186,58.52317360565593
2470.450432288,-9.5703125,-60.48689138576779,-2.4691358024691397,-5.7507987220447205,58.52317360565593
2470.48388402,-9.66796875,-60.48689138576779,-2.4691358024691397,-5.7507987220447205,58.52317360565593
2470.517310474,-9.66796875,-60.674157303370784,-2.4691358024691397,-5.7507987220447205,58.52317360565593
2470.550764613,-9.5703125,-60.86142322097378,-3.566529492455416,-5.644302449414269,58.52317360565593
2470.584222993,-9.5703125,-63.10861423220974,-5.624142661179704,-5.644302449414269,58.36606441476826
2470.617680391,-9.375,-66.66666666666667,-8.230452674897109,-5.644302449414269,58.36606441476826
2470.651166399,-9.08203125,-70.2247191011236,-11.385459533607673,-5.644302449414269,58.208955223880594
2470.684620926,-8.49609375,-73.59550561797752,-15.089163237311382,-5.537806176783818,56.95208169677926
2470.718082898,-8.30078125,-78.27715355805243,-19.204389574759944,-5.111821086261983,54.281225451688925
2470.751562055,-8.10546875,-82.95880149812734,-23.593964334705078,-4.472843450479232,51.29615082482326
2470.78501936,-7.91015625,-87.26591760299625,-28.12071330589849,-4.046858359957412,48.46818538884526
2470.818496239,-7.8125,-91.76029962546816,-32.92181069958848,-3.8338658146964946,46.11154752553023
2470.851972377,-7.8125,-95.88014981273409,-37.31138545953361,-3.8338658146964946,44.06912804399056
2470.885428182,-7.71484375,-97.75280898876404,-41.28943758573388,-3.8338658146964946,42.340926944226254
2470.91888821,-7.8125,-98.31460674157303,-44.855967078189295,-3.8338658146964946,40.29850746268659
2470.952378311,-7.8125,-98.31460674157303,-48.14814814814815,-3.8338658146964946,38.098978790259224
2470.985836172,-7.8125,-98.31460674157303,-51.16598079561043,-3.8338658146964946,36.05655930871956
2471.019295625,-7.71484375,-98.31460674157303,-54.1838134430727,-3.8338658146964946,34.48546739984289
2471.052779615,-7.71484375,-98.31460674157303,-57.06447187928669,-3.8338658146964946,32.91437549096622
2471.086235253,-7.71484375,-98.31460674157303,-59.53360768175583,-3.8338658146964946,31.50039277297722
2471.119690096,-7.71484375,-98.31460674157303,-61.45404663923183,-3.8338658146964946,30.243519245875888
2471.153155475,-7.71484375,-98.31460674157303,-62.96296296296296,-3.8338658146964946,28.986645718774525
2471.186657538,-7.71484375,-98.31460674157303,-64.06035665294925,-3.8338658146964946,27.729772191673206
2471.220103455,-7.71484375,-98.31460674157303,-64.60905349794238,-3.8338658146964946,26.630007855459553
2471.253587112,-7.71484375,-98.31460674157303,-65.02057613168725,-3.8338658146964946,25.68735271013354
2471.287046602,-7.71484375,-98.31460674157303,-65.02057613168725,-3.8338658146964946,25.05891594658287
2471.320507574,-7.71484375,-98.31460674157303,-65.02057613168725,-3.8338658146964946,24.58758837391987
2471.353992601,-7.71484375,-98.31460674157303,-65.02057613168725,-3.8338658146964946,24.58758837391987
2471.387452091,-7.71484375,-98.31460674157303,-65.02057613168725,-3.8338658146964946,24.58758837391987
2471.420918304,-7.71484375,-98.31460674157303,-65.02057613168725,-3.8338658146964946,24.58758837391987
2471.45440696,-7.6171875,-98.31460674157303,-65.15775034293553,-3.940362087326946,24.58758837391987
2471.487885376,-7.51953125,-98.31460674157303,-65.29492455418381,-3.940362087326946,24.58758837391987
2471.52135281,-7.51953125,-98.31460674157303,-65.4320987654321,-3.8338658146964946,24.58758837391987
2471.554879466,-7.51953125,-98.31460674157303,-65.70644718792866,-3.8338658146964946,24.58758837391987
2471.588341289,-7.51953125,-98.31460674157303,-65.70644718792866,-3.8338658146964946,24.58758837391987
2471.621793576,-7.51953125,-98.31460674157303,-65.70644718792866,-3.8338658146964946,24.58758837391987
2471.655262659,-7.51953125,-98.31460674157303,-65.70644718792866,-3.8338658146964946,24.58758837391987
2471.688712779,-7.51953125,-98.31460674157303,-65.70644718792866,-3.8338658146964946,24.58758837391987
2471.72216414,-7.51953125,-98.31460674157303,-65.84362139917695,-3.8338658146964946,24.58758837391987
2471.755676221,-7.51953125,-98.31460674157303,-65.84362139917695,-3.8338658146964946,24.58758837391987
2471.789131193,-7.51953125,-98.31460674157303,-65.84362139917695,-3.8338658146964946,24.58758837391987
2471.822590832,-7.51953125,-98.31460674157303,-65.98079561042525,-3.8338658146964946,24.58758837391987
2471.856119709,-7.71484375,-98.31460674157303,-66.11796982167353,-3.8338658146964946,24.58758837391987
2471.889571347,-7.91015625,-98.31460674157303,-66.80384087791495,-3.8338658146964946,24.58758837391987
2471.923027819,-8.10546875,-98.31460674157303,-68.03840877914952,-3.8338658146964946,24.58758837391987
2471.956480995,-8.10546875,-98.31460674157303,-68.99862825788752,-3.8338658146964946,24.58758837391987
2471.989932911,-8.203125,-98.31460674157303,-69.68449931412894,-3.8338658146964946,24.430479183032205
2472.023385346,-8.203125,-98.31460674157303,-70.0960219478738,-3.940362087326946,24.430479183032205
2472.056865929,-8.203125,-98.31460674157303,-70.0960219478738,-3.940362087326946,24.430479183032205
2472.090314808,-8.203125,-98.31460674157303,-70.0960219478738,-3.940362087326946,24.430479183032205
2472.123765706,-8.3984375,-98.31460674157303,-70.0960219478738,-4.153354632587863,24.430479183032205
2472.15723614,-8.88671875,-98.31460674157303,-70.0960219478738,-4.366347177848766,24.430479183032205
2472.190683427,-9.66796875,-98.31460674157303,-70.0960219478738,-4.579339723109683,24.430479183032205
2472.224132566,-10.64453125,-98.31460674157303,-70.23319615912209,-4.579339723109683,24.430479183032205
2472.257640296,-11.71875,-98.31460674157303,-70.23319615912209,-4.579339723109683,24.430479183032205
2472.291095416,-12.6953125,-98.31460674157303,-70.23319615912209,-4.579339723109683,24.430479183032205
2472.324557572,-14.0625,-98.31460674157303,-70.23319615912209,-4.685835995740149,24.430479183032205
2472.358081543,-15.625,-98.31460674157303,-70.23319615912209,-4.685835995740149,24.430479183032205
2472.391535903,-17.3828125,-98.31460674157303,-70.23319615912209,-4.685835995740149,24.430479183032205
2472.424985449,-19.23828125,-98.31460674157303,-70.37037037037038,-4.685835995740149,24.430479183032205
2472.458504401,-20.99609375,-98.31460674157303,-70.37037037037038,-4.685835995740149,24.430479183032205
2472.491960577,-22.94921875,-98.31460674157303,-70.64471879286694,-4.685835995740149,24.430479183032205
2472.525418067,-24.70703125,-98.31460674157303,-71.60493827160494,-4.685835995740149,24.430479183032205
2472.558876557,-26.26953125,-98.31460674157303,-72.97668038408779,-4.685835995740149,24.430479183032205
2472.592330936,-27.44140625,-98.31460674157303,-74.34842249657063,-4.685835995740149,24.430479183032205
2472.625781242,-28.22265625,-98.31460674157303,-75.17146776406035,-4.579339723109683,24.116260801256885
2472.659288638,-28.22265625,-98.31460674157303,-75.99451303155007,-4.366347177848766,22.230950510604856
2472.692750128,-27.83203125,-98.31460674157303,-76.81755829903977,-4.366347177848766,19.717203456402203
2472.726213544,-26.953125,-98.31460674157303,-77.91495198902606,-4.366347177848766,16.889238020424187
2472.759748347,-25.390625,-98.31460674157303,-79.28669410150891,-4.366347177848766,14.218381775333853
2472.793207929,-23.2421875,-98.31460674157303,-80.3840877914952,-4.366347177848766,12.333071484681852
2472.826656105,-20.703125,-98.31460674157303,-80.93278463648834,-4.153354632587863,11.704634721131185
2472.860131558,-17.96875,-98.12734082397003,-81.3443072702332,-4.046858359957412,11.233307148468171
2472.893581548,-14.94140625,-98.12734082397003,-81.61865569272976,-4.046858359957412,11.076197957580519
2472.927029483,-11.81640625,-98.12734082397003,-81.61865569272976,-3.8338658146964946,11.076197957580519
2472.960550434,-8.59375,-98.12734082397003,-81.61865569272976,-3.8338658146964946,11.076197957580519
2472.994000536,-5.37109375,-98.12734082397003,-81.61865569272976,-3.8338658146964946,11.076197957580519
2473.027453563,-2.05078125,-98.12734082397003,-81.61865569272976,-3.8338658146964946,11.076197957580519
2473.060967885,1.26953125,-98.12734082397003,-81.61865569272976,-3.8338658146964946,11.076197957580519
2473.094425468,4.58984375,-98.12734082397003,-81.61865569272976,-3.8338658146964946,11.076197957580519
2473.127887291,7.71484375,-98.12734082397003,-81.61865569272976,-3.8338658146964946,11.076197957580519
2473.161377243,10.7421875,-98.12734082397003,-81.75582990397805,-3.8338658146964946,11.076197957580519
2473.194839696,13.671875,-98.12734082397003,-81.75582990397805,-3.8338658146964946,11.076197957580519
2473.228304409,16.50390625,-98.12734082397003,-81.75582990397805,-3.8338658146964946,11.076197957580519
2473.261864044,18.9453125,-98.12734082397003,-81.75582990397805,-3.8338658146964946,11.076197957580519
2473.295315497,20.99609375,-98.12734082397003,-81.89300411522633,-3.8338658146964946,11.076197957580519
2473.328760006,22.75390625,-98.12734082397003,-81.89300411522633,-3.8338658146964946,11.076197957580519
2473.362204849,23.92578125,-97.94007490636704,-82.03017832647463,-3.8338658146964946,11.076197957580519
2473.395669209,24.12109375,-97.94007490636704,-82.03017832647463,-3.8338658146964946,11.076197957580519
2473.429107589,24.0234375,-97.94007490636704,-82.03017832647463,-3.8338658146964946,11.076197957580519
2473.462532728,23.53515625,-97.94007490636704,-82.03017832647463,-3.8338658146964946,11.076197957580519
2473.495957923,22.265625,-97.56554307116104,-82.03017832647463,-3.8338658146964946,11.076197957580519
2473.529382821,20.3125,-97.56554307116104,-82.03017832647463,-3.940362087326946,11.076197957580519
2473.562809645,17.7734375,-97.56554307116104,-82.1673525377229,-4.259850905218315,11.076197957580519
2473.59623471,14.74609375,-97.75280898876404,-82.1673525377229,-4.685835995740149,11.076197957580519
2473.629658034,11.5234375,-97.75280898876404,-82.1673525377229,-4.7923322683706004,11.076197957580519
2473.66308334,8.0078125,-97.75280898876404,-82.1673525377229,-4.7923322683706004,11.076197957580519
2473.696507479,4.19921875,-97.75280898876404,-82.1673525377229,-4.7923322683706004,11.076197957580519
2473.72994034,0.5859375,-97.75280898876404,-82.1673525377229,-4.898828541001066,11.076197957580519
2473.763365535,-3.125,-97.75280898876404,-82.1673525377229,-4.898828541001066,11.076197957580519
2473.796788988,-6.73828125,-97.75280898876404,-82.1673525377229,-4.898828541001066,11.076197957580519
2473.83021285,-9.9609375,-97.75280898876404,-82.1673525377229,-4.898828541001066,11.076197957580519
2473.86363497,-12.890625,-97.75280898876404,-82.1673525377229,-4.898828541001066,11.076197957580519
2473.897054332,-15.52734375,-97.75280898876404,-82.1673525377229,-4.898828541001066,11.076197957580519
2473.930471767,-17.7734375,-97.75280898876404,-82.1673525377229,-4.898828541001066,11.076197957580519
2473.963905091,-19.43359375,-97.94007490636704,-82.1673525377229,-4.898828541001066,11.076197957580519
2473.9973276,-20.41015625,-98.12734082397003,-82.57887517146776,-4.898828541001066,11.076197957580519
2474.030748758,-20.5078125,-98.31460674157303,-83.2647462277092,-4.7923322683706004,10.604870384917504
2474.06417949,-20.41015625,-98.50187265917603,-83.81344307270233,-4.7923322683706004,9.976433621366837
2474.097601906,-20.41015625,-98.50187265917603,-84.2249657064472,-4.7923322683706004,9.819324430479199
2474.13102636,-20.21484375,-98.50187265917603,-84.2249657064472,-4.579339723109683,9.819324430479199
2474.164449203,-19.7265625,-98.50187265917603,-84.2249657064472,-4.153354632587863,9.976433621366837
2474.197874786,-18.75,-98.50187265917603,-84.2249657064472,-4.046858359957412,10.761979575805185
2474.231294796,-17.28515625,-98.50187265917603,-84.2249657064472,-3.940362087326946,10.133542812254518
2474.264718805,-15.4296875,-98.50187265917603,-84.2249657064472,-3.940362087326946,9.819324430479199
2474.298145352,-13.4765625,-98.50187265917603,-83.67626886145405,-3.940362087326946,9.976433621366837
2474.33156962,-11.23046875,-98.50187265917603,-83.67626886145405,-3.940362087326946,10.133542812254518
2474.364989982,-8.69140625,-98.50187265917603,-83.53909465020575,-3.940362087326946,10.133542812254518
2474.398411343,-6.0546875,-98.50187265917603,-83.1275720164609,-3.8338658146964946,10.447761194029852
2474.431831315,-3.3203125,-98.50187265917603,-83.1275720164609,-3.8338658146964946,10.761979575805185
2474.465253899,-0.5859375,-98.50187265917603,-82.85322359396433,-3.8338658146964946,10.290652003142185
2474.498681223,1.953125,-98.31460674157303,-82.71604938271605,-3.8338658146964946,9.819324430479199
2474.532105418,4.19921875,-98.12734082397003,-82.3045267489712,-3.8338658146964946,9.662215239591518
2474.56553626,6.4453125,-97.75280898876404,-81.61865569272976,-3.8338658146964946,9.662215239591518
2474.598961899,8.49609375,-97.56554307116104,-81.20713305898491,-3.8338658146964946,9.662215239591518
2474.63238639,10.3515625,-97.37827715355806,-80.79561042524006,-3.8338658146964946,9.819324430479199
2474.66580888,11.9140625,-97.19101123595506,-80.3840877914952,-3.8338658146964946,9.819324430479199
2474.699230556,13.28125,-97.19101123595506,-80.3840877914952,-3.8338658146964946,9.819324430479199
2474.73265214,14.35546875,-97.19101123595506,-80.24691358024691,-3.8338658146964946,10.290652003142185
2474.766073908,14.94140625,-97.19101123595506,-80.10973936899863,-3.8338658146964946,10.447761194029852
2474.799499214,15.0390625,-97.19101123595506,-80.10973936899863,-3.8338658146964946,10.447761194029852
2474.832924575,14.94140625,-97.19101123595506,-80.10973936899863,-3.8338658146964946,10.447761194029852
2474.866352788,14.74609375,-97.19101123595506,-80.10973936899863,-3.940362087326946,10.761979575805185
2474.89977613,14.453125,-97.19101123595506,-80.10973936899863,-3.940362087326946,10.604870384917504
2474.933197306,13.57421875,-97.19101123595506,-80.10973936899863,-4.259850905218315,10.133542812254518
2474.966619612,12.3046875,-97.37827715355806,-80.10973936899863,-4.579339723109683,9.819324430479199
2475.000187969,10.9375,-97.37827715355806,-80.10973936899863,-4.685835995740149,9.662215239591518
2475.033616274,9.27734375,-97.56554307116104,-79.83539094650206,-4.685835995740149,9.662215239591518
2475.06704158,7.71484375,-97.75280898876404,-79.14951989026063,-4.685835995740149,9.662215239591518
2475.10046433,6.25,-97.75280898876404,-77.77777777777777,-4.685835995740149,9.976433621366837
2475.133886061,4.98046875,-97.75280898876404,-76.26886145404664,-4.685835995740149,10.447761194029852
2475.167310867,4.00390625,-97.75280898876404,-74.62277091906722,-4.685835995740149,10.919088766692852
2475.200734617,3.22265625,-97.37827715355806,-72.8395061728395,-4.579339723109683,11.076197957580519
2475.234158033,2.734375,-97.19101123595506,-70.91906721536351,-4.579339723109683,11.233307148468171
2475.267581728,2.5390625,-96.81647940074906,-69.41015089163237,-4.472843450479232,11.233307148468171
2475.301007885,2.5390625,-95.31835205992509,-67.76406035665295,-4.366347177848766,11.233307148468171
2475.334435579,2.5390625,-94.38202247191012,-66.2551440329218,-4.259850905218315,11.233307148468171
2475.367865922,2.5390625,-93.82022471910112,-64.74622770919068,-4.046858359957412,11.390416339355852
2475.401290913,2.5390625,-93.63295880149812,-63.10013717421125,-3.940362087326946,12.804399057344853
2475.434752199,2.734375,-93.63295880149812,-61.179698216735254,-3.940362087326946,15.475255302435187
2475.468193004,2.83203125,-92.50936329588015,-58.573388203017835,-3.940362087326946,19.245875883739203
2475.501621957,2.9296875,-90.82397003745318,-54.86968449931413,-3.940362087326946,23.64493322859387
2475.535047522,2.9296875,-89.70037453183521,-50.75445816186557,-3.8338658146964946,28.20109976433622
2475.568481235,3.02734375,-88.76404494382022,-46.364883401920444,-3.8338658146964946,33.38570306362922
2475.601904225,3.02734375,-88.20224719101124,-42.249657064471876,-3.8338658146964946,38.72741555380989
2475.635330216,3.02734375,-85.76779026217228,-37.860082304526756,-3.8338658146964946,43.44069128043989
2475.668753873,3.02734375,-84.08239700374531,-33.47050754458162,-3.8338658146964946,48.15396700706992
2475.702179326,3.02734375,-82.20973782771536,-29.218106995884767,-3.8338658146964946,52.23880597014926
2475.735600854,3.02734375,-81.08614232209737,-24.965706447187927,-3.8338658146964946,56.00942655145326
2475.769025641,3.02734375,-78.83895131086143,-20.98765432098766,-3.8338658146964946,59.622937941869594
2475.802448853,3.02734375,-76.59176029962546,-16.872427983539097,-3.8338658146964946,62.76512175962296
2475.835874566,3.02734375,-74.71910112359551,-13.031550068587109,-3.8338658146964946,65.59308719560096
2475.869298872,3.02734375,-72.84644194756555,-9.602194787379972,-3.8338658146964946,67.94972505891593
2475.902722621,3.02734375,-70.78651685393258,-6.310013717421128,-3.8338658146964946,69.83503534956793
2475.936134242,3.02734375,-69.10112359550561,-3.429355281207137,-3.8338658146964946,71.8774548311076
2475.969558418,3.02734375,-67.79026217228464,-0.8230452674897037,-3.8338658146964946,73.76276512175963
2476.002975001,3.02734375,-66.85393258426967,0.960219478737983,-3.8338658146964946,75.1767478397486
2476.036387825,3.02734375,-66.29213483146067,2.3319615912208462,-3.8338658146964946,76.43362136684996
2476.069811667,3.02734375,-66.29213483146067,3.2921810699588576,-3.8338658146964946,76.90494893951296
2476.103223177,2.9296875,-66.29213483146067,3.7037037037036953,-3.8338658146964946,76.90494893951296
2476.13663889,2.9296875,-66.29213483146067,3.7037037037036953,-3.8338658146964946,76.90494893951296
2476.170059732,2.9296875,-66.29213483146067,3.8408779149519745,-3.8338658146964946,76.90494893951296
2476.203474853,2.9296875,-66.29213483146067,3.8408779149519745,-3.8338658146964946,76.90494893951296
2476.236889029,2.9296875,-66.29213483146067,3.8408779149519745,-3.8338658146964946,76.90494893951296
2476.270309908,2.9296875,-66.29213483146067,3.8408779149519745,-3.8338658146964946,76.7478397486253
2476.303723936,2.9296875,-66.29213483146067,3.8408779149519745,-3.8338658146964946,76.59073055773763
2476.337137593,2.9296875,-66.29213483146067,3.8408779149519745,-3.8338658146964946,76.43362136684996
2476.370561251,2.9296875,-66.29213483146067,3.8408779149519745,-3.8338658146964946,76.2765121759623
2476.403975167,2.9296875,-66.29213483146067,3.8408779149519745,-3.8338658146964946,76.2765121759623
2476.437394899,2.9296875,-66.29213483146067,3.8408779149519745,-3.8338658146964946,76.11940298507463
2476.47081089,2.9296875,-66.29213483146067,3.8408779149519745,-3.8338658146964946,76.11940298507463
2476.504245621,2.9296875,-66.29213483146067,3.8408779149519745,-3.8338658146964946,76.11940298507463
2476.537662593,2.9296875,-66.29213483146067,3.8408779149519745,-3.8338658146964946,76.11940298507463
2476.571087824,2.9296875,-66.29213483146067,3.978052126200282,-3.8338658146964946,76.11940298507463
2476.604501722,2.9296875,-66.29213483146067,3.978052126200282,-3.8338658146964946,76.11940298507463
2476.63791412,2.9296875,-66.29213483146067,3.978052126200282,-3.8338658146964946,76.11940298507463
2476.671333944,2.9296875,-66.29213483146067,3.978052126200282,-3.8338658146964946,76.11940298507463
2476.704749972,2.9296875,-66.29213483146067,3.978052126200282,-3.8338658146964946,76.11940298507463
2476.738161055,2.9296875,-66.29213483146067,3.8408779149519745,-3.8338658146964946,76.11940298507463
2476.771571971,2.9296875,-66.29213483146067,3.8408779149519745,-3.8338658146964946,76.11940298507463
2476.804981759,2.9296875,-66.29213483146067,3.8408779149519745,-3.8338658146964946,76.11940298507463
2476.838396934,2.9296875,-66.29213483146067,3.8408779149519745,-3.8338658146964946,76.11940298507463
2476.871813573,2.9296875,-66.29213483146067,3.7037037037036953,-3.8338658146964946,76.11940298507463
2476.905229397,2.9296875,-66.29213483146067,3.7037037037036953,-3.8338658146964946,76.11940298507463
2476.938642443,2.9296875,-66.29213483146067,3.566529492455416,-3.8338658146964946,76.11940298507463
2476.972054249,2.9296875,-66.29213483146067,3.566529492455416,-3.8338658146964946,76.11940298507463
2477.005482443,2.9296875,-66.29213483146067,3.566529492455416,-3.8338658146964946,75.96229379418696
2477.038913062,2.9296875,-66.29213483146067,3.566529492455416,-3.8338658146964946,75.96229379418696
2477.072443457,2.9296875,-66.29213483146067,3.566529492455416,-3.8338658146964946,75.96229379418696
2477.105872096,2.9296875,-66.29213483146067,3.566529492455416,-3.8338658146964946,75.96229379418696
2477.139292401,2.9296875,-66.47940074906367,3.566529492455416,-3.8338658146964946,75.96229379418696
2477.172714706,2.9296875,-66.47940074906367,3.566529492455416,-3.8338658146964946,75.96229379418696
2477.206134308,2.9296875,-66.47940074906367,3.566529492455416,-3.8338658146964946,75.96229379418696
2477.239552521,2.9296875,-66.47940074906367,3.566529492455416,-3.8338658146964946,75.96229379418696
2477.272972845,2.9296875,-66.47940074906367,3.566529492455416,-3.8338658146964946,75.96229379418696
2477.306394983,2.9296875,-66.47940074906367,3.566529492455416,-3.8338658146964946,75.96229379418696
2477.339814622,2.9296875,-66.47940074906367,3.566529492455416,-3.8338658146964946,75.96229379418696
2477.373236483,2.9296875,-66.47940074906367,3.566529492455416,-3.8338658146964946,75.96229379418696
2477.40665564,2.9296875,-66.47940074906367,3.566529492455416,-3.727369542066029,75.96229379418696
2477.440077445,2.9296875,-66.47940074906367,3.566529492455416,-3.727369542066029,75.96229379418696
2477.473499009,2.9296875,-66.47940074906367,3.566529492455416,-3.727369542066029,75.96229379418696
2477.506917759,2.9296875,-66.47940074906367,3.566529492455416,-3.727369542066029,75.96229379418696
2477.540336342,2.9296875,-66.47940074906367,3.566529492455416,-3.727369542066029,75.96229379418696
2477.57376024,2.9296875,-66.47940074906367,3.566529492455416,-3.727369542066029,75.96229379418696
2477.607176675,2.9296875,-66.66666666666667,3.566529492455416,-3.727369542066029,75.96229379418696
2477.640592851,2.9296875,-66.66666666666667,3.429355281207137,-3.727369542066029,75.96229379418696
2477.674007508,2.9296875,-66.85393258426967,3.429355281207137,-3.727369542066029,75.96229379418696
2477.707422035,2.9296875,-67.04119850187266,3.429355281207137,-3.727369542066029,75.96229379418696
2477.740836211,2.9296875,-67.22846441947566,3.429355281207137,-3.727369542066029,75.96229379418696
2477.77425196,2.9296875,-67.60299625468164,3.429355281207137,-3.727369542066029,75.96229379418696
2477.807667599,2.9296875,-67.79026217228464,3.2921810699588576,-3.727369542066029,75.96229379418696
2477.84108009,2.9296875,-67.97752808988764,3.2921810699588576,-3.727369542066029,75.8051846032993
2477.874504376,2.9296875,-67.97752808988764,3.2921810699588576,-3.727369542066029,75.8051846032993
2477.907924033,2.9296875,-67.97752808988764,3.15500685871055,-3.727369542066029,75.8051846032993
2477.941358116,2.9296875,-68.16479400749064,2.606310013717433,-3.727369542066029,75.8051846032993
2477.974776421,2.9296875,-68.35205992509364,1.9204389574759944,-3.727369542066029,75.8051846032993
2478.00819523,2.9296875,-69.10112359550561,1.0973936899862906,-3.727369542066029,75.49096622152396
2478.041616296,2.9296875,-70.0374531835206,0.27434842249655844,-3.727369542066029,73.76276512175963
2478.075173766,2.9296875,-70.78651685393258,-1.0973936899862764,-3.727369542066029,71.8774548311076
2478.108591851,2.9296875,-71.16104868913858,-2.4691358024691397,-3.727369542066029,70.1492537313433
2478.142008065,2.9296875,-72.09737827715355,-3.978052126200268,-3.727369542066029,68.5781618224666
2478.175428317,2.9296875,-73.22097378277154,-5.349794238683131,-3.727369542066029,67.47839748625296
2478.208846234,2.9296875,-74.15730337078651,-6.8587105624142595,-3.727369542066029,66.37863315003926
2478.242266134,2.9296875,-74.53183520599251,-8.230452674897109,-3.727369542066029,65.2788688138256
2478.275685793,2.9296875,-75.65543071161048,-9.465020576131693,-3.727369542066029,64.17910447761196
2478.30910971,2.9296875,-76.59176029962546,-10.699588477366248,-3.727369542066029,63.23644933228593
2478.342528276,2.9296875,-77.52808988764045,-12.071330589849111,-3.727369542066029,62.29379418695993
2478.375988194,2.9296875,-78.08988764044943,-13.44307270233196,-3.727369542066029,61.50824823252162
2478.409433759,2.9296875,-79.02621722846442,-14.81481481481481,-3.727369542066029,60.565593087195595
2478.442885343,2.9296875,-79.9625468164794,-16.186556927297673,-3.727369542066029,59.46582875098193
2478.476339612,2.9296875,-80.89887640449439,-17.832647462277095,-3.727369542066029,58.36606441476826
2478.509791066,2.9296875,-81.27340823970037,-19.478737997256516,-3.727369542066029,56.95208169677926
2478.543234373,2.9296875,-81.64794007490636,-20.98765432098766,-3.727369542066029,55.53809897879026
2478.576725482,2.9296875,-82.77153558052434,-22.496570644718787,-3.727369542066029,54.12411626080126
2478.610179094,2.9296875,-83.33333333333334,-24.142661179698223,-3.727369542066029,52.71013354281226
2478.643632781,2.9296875,-83.89513108614233,-25.788751714677645,-3.727369542066029,51.61036920659859
2478.677108006,2.9296875,-84.08239700374531,-27.434842249657066,-3.727369542066029,50.35349567949726
2478.710556822,2.9296875,-84.8314606741573,-29.218106995884767,-3.727369542066029,48.93951296150826
2478.744028695,2.9296875,-86.14232209737827,-31.001371742112482,-3.727369542066029,47.68263943440692
2478.777503938,2.9296875,-87.07865168539325,-32.92181069958848,-3.727369542066029,46.42576590730559
2478.810954717,2.9296875,-88.01498127340824,-34.97942386831275,-3.727369542066029,45.01178318931659
2478.844401922,2.9296875,-88.38951310861424,-36.89986282578875,-3.727369542066029,43.44069128043989
2478.877877795,2.9296875,-89.32584269662921,-38.68312757201646,-3.727369542066029,41.869599371563226
2478.911330018,2.83203125,-90.2621722846442,-40.46639231824417,-3.727369542066029,40.29850746268659
2478.94480141,2.83203125,-90.82397003745318,-42.524005486968456,-3.727369542066029,38.72741555380989
2478.978273449,2.83203125,-91.19850187265918,-44.307270233196164,-3.727369542066029,37.31343283582089
2479.011715709,2.83203125,-91.76029962546816,-46.09053497942387,-3.727369542066029,35.89945011783189
2479.0451656,2.83203125,-92.88389513108615,-47.87379972565158,-3.727369542066029,34.48546739984289
2479.078782996,2.83203125,-93.44569288389513,-49.65706447187929,-3.727369542066029,33.228593872741556
2479.112232053,2.83203125,-93.63295880149812,-51.440329218106996,-3.727369542066029,32.12882953652789
2479.145670906,2.83203125,-93.63295880149812,-53.086419753086425,-3.727369542066029,30.871956009426555
2479.179174927,2.83203125,-94.19475655430712,-54.59533607681756,-3.727369542066029,29.457973291437554
2479.21263317,2.83203125,-94.9438202247191,-56.104252400548695,-3.727369542066029,28.043990573448554
2479.24607743,2.83203125,-95.13108614232209,-57.61316872427983,-3.727369542066029,26.630007855459553
2479.279546525,2.83203125,-95.13108614232209,-58.98491083676269,-3.727369542066029,25.05891594658287
2479.312989174,2.83203125,-95.13108614232209,-60.35665294924554,-3.727369542066029,23.48782403770619
2479.346428509,2.83203125,-95.13108614232209,-61.86556927297668,-3.727369542066029,21.916732128829537
2479.379899993,2.83203125,-95.13108614232209,-63.10013717421125,-3.727369542066029,20.502749410840536
2479.413341753,2.83203125,-95.13108614232209,-64.33470507544581,-3.727369542066029,19.088766692851536
2479.446823811,2.83203125,-95.31835205992509,-65.70644718792866,-3.727369542066029,17.831893165750202
2479.480290795,2.83203125,-95.31835205992509,-66.94101508916324,-3.727369542066029,16.4179104477612
2479.51378639,2.83203125,-95.31835205992509,-68.1755829903978,-3.727369542066029,15.161036920659868
2479.547263911,2.83203125,-95.31835205992509,-69.41015089163237,-3.727369542066029,14.061272584446186
2479.580714392,2.83203125,-95.31835205992509,-70.50754458161865,-3.727369542066029,12.804399057344853
2479.614151964,2.83203125,-95.31835205992509,-71.74211248285322,-3.8338658146964946,11.704634721131185
2479.647592165,2.83203125,-95.31835205992509,-72.97668038408779,-3.8338658146964946,10.761979575805185
2479.681086572,2.83203125,-95.31835205992509,-74.07407407407408,-3.8338658146964946,9.819324430479199
2479.714536478,2.83203125,-95.31835205992509,-75.17146776406035,-3.8338658146964946,8.876669285153184
2479.747993031,2.83203125,-95.31835205992509,-76.13168724279835,-3.8338658146964946,7.776904948939517
2479.781474327,2.83203125,-95.31835205992509,-77.09190672153635,-3.8338658146964946,6.677140612725836
2479.814926417,2.83203125,-95.31835205992509,-78.18930041152264,-3.940362087326946,5.420267085624502
2479.848366471,2.83203125,-95.31835205992509,-79.14951989026063,-4.153354632587863,4.0062843676355016
2479.881849451,2.83203125,-95.31835205992509,-80.10973936899863,-4.472843450479232,2.592301649646501
2479.915333524,2.83203125,-95.31835205992509,-81.06995884773663,-4.579339723109683,1.3354281225451672
2479.948805671,2.83203125,-95.31835205992509,-81.89300411522633,-4.685835995740149,0.07855459544383336
2479.982292356,2.83203125,-95.31835205992509,-82.71604938271605,-4.685835995740149,-0.864100549882167
2480.015752076,2.83203125,-95.31835205992509,-83.40192043895748,-4.7923322683706004,-1.8067556952081674
2480.049209204,2.83203125,-95.31835205992509,-84.0877914951989,-4.7923322683706004,-2.592301649646501
2480.082662628,2.83203125,-95.31835205992509,-84.77366255144032,-4.7923322683706004,-3.3778476040848346
2480.116129608,2.83203125,-95.31835205992509,-85.32235939643347,-4.7923322683706004,-4.477611940298516
2480.149593069,2.83203125,-95.31835205992509,-85.87105624142661,-4.7923322683706004,-5.577376276512183
2480.183137348,2.83203125,-95.31835205992509,-86.28257887517147,-4.7923322683706004,-6.991358994501169
2480.216592809,2.83203125,-95.31835205992509,-86.83127572016461,-4.7923322683706004,-8.248232521602517
2480.250051752,2.734375,-95.31835205992509,-87.37997256515776,-4.7923322683706004,-9.347996857816185
2480.283574271,2.734375,-95.31835205992509,-87.92866941015089,-4.7923322683706004,-10.290652003142185
2480.317025528,2.63671875,-95.31835205992509,-88.34019204389574,-4.7923322683706004,-11.076197957580519
2480.350475989,2.63671875,-95.31835205992509,-88.88888888888889,-4.7923322683706004,-11.861743912018852
2480.383963544,2.63671875,-95.31835205992509,-89.30041152263374,-4.7923322683706004,-12.490180675569519
2480.417414468,2.63671875,-95.31835205992509,-89.7119341563786,-4.7923322683706004,-13.118617439120186
2480.450914264,2.63671875,-95.31835205992509,-89.98628257887518,-4.7923322683706004,-13.90416339355852
2480.484378633,2.63671875,-95.31835205992509,-90.6721536351166,-4.7923322683706004,-14.689709347996853
2480.517834964,2.63671875,-95.31835205992509,-91.08367626886145,-4.7923322683706004,-15.475255302435201
2480.551277388,2.63671875,-95.31835205992509,-91.08367626886145,-4.7923322683706004,-16.26080125687352
2480.585032005,2.63671875,-95.31835205992509,-91.22085048010975,-4.7923322683706004,-16.889238020424187
2480.618524686,2.63671875,-95.31835205992509,-91.22085048010975,-4.7923322683706004,-17.360565593087202
2480.651994366,2.63671875,-95.31835205992509,-91.22085048010975,-4.7923322683706004,-17.360565593087202
2480.685456472,2.63671875,-95.31835205992509,-91.35802469135803,-4.7923322683706004,-17.360565593087202
2480.718892059,2.63671875,-95.31835205992509,-91.35802469135803,-4.7923322683706004,-17.517674783974854
2480.752356091,2.63671875,-95.31835205992509,-91.35802469135803,-4.685835995740149,-17.831893165750202
2480.785815326,2.63671875,-95.31835205992509,-91.4951989026063,-4.472843450479232,-18.61743912018852
2480.819252246,2.63671875,-95.31835205992509,-91.90672153635117,-4.153354632587863,-19.560094265514522
2480.852675277,2.63671875,-95.31835205992509,-92.72976680384087,-3.940362087326946,-20.659858601728203
2480.886101585,2.63671875,-95.31835205992509,-93.00411522633745,-3.8338658146964946,-21.75962293794187
2480.919527709,2.63671875,-95.31835205992509,-93.27846364883402,-3.8338658146964946,-22.70227808326787
2480.952956314,2.63671875,-95.31835205992509,-93.4156378600823,-3.8338658146964946,-23.330714846818537
2480.986383418,2.734375,-95.31835205992509,-93.4156378600823,-3.8338658146964946,-23.330714846818537
2481.019808597,2.734375,-95.31835205992509,-93.4156378600823,-3.8338658146964946,-23.487824037706204
2481.053235554,2.734375,-95.31835205992509,-93.4156378600823,-3.8338658146964946,-23.487824037706204
2481.086661659,2.734375,-95.31835205992509,-93.4156378600823,-3.8338658146964946,-23.64493322859387
2481.120056448,2.734375,-95.31835205992509,-93.55281207133059,-3.8338658146964946,-24.273369992144538
2481.153481682,2.734375,-95.31835205992509,-93.55281207133059,-3.8338658146964946,-26.001571091908886
2481.18690875,2.83203125,-95.31835205992509,-93.68998628257887,-3.727369542066029,-28.358208955223887
2481.220331929,2.83203125,-95.31835205992509,-94.10150891632374,-3.727369542066029,-30.871956009426555
2481.2537572,2.83203125,-95.31835205992509,-95.3360768175583,-3.620873269435563,-33.38570306362922
2481.287181231,2.83203125,-95.31835205992509,-96.02194787379973,-3.407880724174646,-36.05655930871956
2481.320604595,2.83203125,-95.31835205992509,-96.57064471879286,-2.5559105431309916,-38.413197172034565
2481.354027255,2.83203125,-95.31835205992509,-97.11934156378601,-1.49094781682642,-40.45561665357423
2481.387451064,2.83203125,-95.31835205992509,-97.25651577503429,-0.4259850905218343,-42.49803613511391
2481.420903558,2.83203125,-95.31835205992509,-97.39368998628258,0.10649627263046568,-43.12647289866457
2481.454327071,2.83203125,-95.31835205992509,-97.39368998628258,0.21299254526093137,-43.4406912804399
2481.487753564,2.83203125,-95.31835205992509,-97.39368998628258,0.21299254526093137,-43.4406912804399
2481.521180651,2.83203125,-95.31835205992509,-97.39368998628258,0.21299254526093137,-43.4406912804399
2481.554609793,2.83203125,-95.31835205992509,-97.39368998628258,0.21299254526093137,-43.4406912804399
2481.588042006,2.83203125,-95.31835205992509,-97.39368998628258,0.21299254526093137,-43.4406912804399
2481.621465848,2.83203125,-95.31835205992509,-97.39368998628258,0.21299254526093137,-43.4406912804399
2481.654893376,2.83203125,-95.31835205992509,-97.39368998628258,0.21299254526093137,-43.4406912804399
2481.688321829,2.83203125,-95.31835205992509,-97.39368998628258,0.21299254526093137,-43.4406912804399
2481.721750523,2.83203125,-95.31835205992509,-97.39368998628258,0.21299254526093137,-43.4406912804399
2481.755177198,2.83203125,-95.31835205992509,-97.39368998628258,0.21299254526093137,-43.4406912804399
2481.788603133,2.83203125,-95.31835205992509,-97.39368998628258,0.21299254526093137,-43.4406912804399
2481.822027827,2.83203125,-95.31835205992509,-97.39368998628258,0.21299254526093137,-43.4406912804399
2481.855450502,2.83203125,-95.31835205992509,-97.39368998628258,0.21299254526093137,-43.4406912804399
2481.888877048,2.83203125,-95.31835205992509,-97.39368998628258,0.21299254526093137,-43.4406912804399
2481.922304501,2.83203125,-95.31835205992509,-97.39368998628258,0.21299254526093137,-43.4406912804399
2481.955733788,2.83203125,-95.31835205992509,-97.39368998628258,0.21299254526093137,-43.4406912804399
2481.98915663,2.83203125,-95.31835205992509,-97.39368998628258,0.21299254526093137,-43.4406912804399
2482.022577249,2.83203125,-95.31835205992509,-97.39368998628258,0.21299254526093137,-43.4406912804399
2482.056024277,2.83203125,-95.31835205992509,-97.39368998628258,0.10649627263046568,-43.4406912804399
2482.089454916,2.83203125,-95.31835205992509,-97.39368998628258,0.10649627263046568,-43.4406912804399
2482.122879443,2.83203125,-95.31835205992509,-97.39368998628258,0.10649627263046568,-43.4406912804399
2482.156302582,2.83203125,-95.31835205992509,-97.39368998628258,0.10649627263046568,-43.4406912804399
2482.189728627,2.83203125,-95.31835205992509,-97.39368998628258,0.10649627263046568,-43.4406912804399
2482.223151043,2.83203125,-95.31835205992509,-97.39368998628258,0.10649627263046568,-43.4406912804399
2482.25657683,2.83203125,-95.31835205992509,-97.39368998628258,0.10649627263046568,-43.4406912804399
2482.290001598,2.83203125,-95.31835205992509,-97.39368998628258,0.10649627263046568,-43.4406912804399
2482.323424699,2.83203125,-95.31835205992509,-97.39368998628258,0.10649627263046568,-43.4406912804399
2482.356847578,2.83203125,-95.31835205992509,-97.39368998628258,0.10649627263046568,-43.4406912804399
2482.390270142,2.83203125,-95.31835205992509,-97.39368998628258,0.10649627263046568,-43.4406912804399
2482.423694077,2.83203125,-95.31835205992509,-97.39368998628258,0.10649627263046568,-43.4406912804399
2482.457117011,2.83203125,-95.31835205992509,-97.39368998628258,0.10649627263046568,-43.4406912804399
2482.490542353,2.83203125,-95.31835205992509,-97.39368998628258,0.10649627263046568,-43.4406912804399
2482.523967399,2.83203125,-95.31835205992509,-97.39368998628258,0.10649627263046568,-43.4406912804399
2482.557392482,2.83203125,-95.31835205992509,-97.39368998628258,0.10649627263046568,-43.4406912804399
2482.590824488,2.83203125,-95.31835205992509,-97.39368998628258,0.10649627263046568,-43.4406912804399
2482.624248493,2.83203125,-95.31835205992509,-97.39368998628258,0.10649627263046568,-43.4406912804399
2482.65767398,2.83203125,-95.31835205992509,-97.39368998628258,0.10649627263046568,-43.4406912804399
2482.691098596,2.83203125,-95.31835205992509,-97.39368998628258,0.10649627263046568,-43.4406912804399
2482.72452312,2.83203125,-95.31835205992509,-97.39368998628258,0.10649627263046568,-43.4406912804399
2482.757945885,2.83203125,-95.31835205992509,-97.39368998628258,0.10649627263046568,-43.4406912804399
2482.791370723,2.83203125,-95.31835205992509,-97.39368998628258,0.10649627263046568,-43.4406912804399
2482.824800414,2.83203125,-95.31835205992509,-97.39368998628258,0.10649627263046568,-43.4406912804399
2482.858222549,2.83203125,-95.31835205992509,-97.39368998628258,0.10649627263046568,-43.4406912804399
2482.89164772,2.83203125,-95.31835205992509,-97.39368998628258,0.10649627263046568,-43.4406912804399
2482.925074855,2.83203125,-95.31835205992509,-97.39368998628258,0.10649627263046568,-43.4406912804399
2482.958498379,2.83203125,-95.31835205992509,-97.39368998628258,0.10649627263046568,-43.4406912804399
2482.991953237,2.83203125,-95.31835205992509,-97.39368998628258,0.10649627263046568,-43.4406912804399
2483.025380242,2.83203125,-95.31835205992509,-97.39368998628258,0.10649627263046568,-43.4406912804399
2483.058807822,2.83203125,-95.31835205992509,-97.39368998628258,0.10649627263046568,-43.4406912804399
2483.092231475,2.83203125,-95.31835205992509,-97.39368998628258,0.10649627263046568,-43.4406912804399
2483.125659443,2.83203125,-95.31835205992509,-97.39368998628258,0.10649627263046568,-43.4406912804399
2483.159081226,2.83203125,-95.31835205992509,-97.39368998628258,0.10649627263046568,-43.4406912804399
2483.192506435,2.83203125,-95.31835205992509,-97.39368998628258,0.10649627263046568,-43.4406912804399
2483.225929366,2.83203125,-95.31835205992509,-97.39368998628258,0.10649627263046568,-43.4406912804399
2483.259355501,2.83203125,-95.31835205992509,-97.39368998628258,0.10649627263046568,-43.4406912804399
2483.292784359,2.83203125,-95.31835205992509,-97.39368998628258,0.10649627263046568,-43.4406912804399
2483.326209179,2.83203125,-95.31835205992509,-97.39368998628258,0.10649627263046568,-43.4406912804399
2483.359635425,2.83203125,-95.31835205992509,-97.39368998628258,0.10649627263046568,-43.4406912804399
2483.393065245,2.83203125,-95.31835205992509,-97.39368998628258,0.10649627263046568,-43.4406912804399
2483.426487491,2.83203125,-95.31835205992509,-97.39368998628258,0.10649627263046568,-43.4406912804399
2483.459910496,2.83203125,-95.31835205992509,-97.39368998628258,0.10649627263046568,-43.4406912804399
2483.493337038,2.83203125,-95.31835205992509,-97.39368998628258,0.10649627263046568,-43.4406912804399
2483.526765266,2.83203125,-95.31835205992509,-97.39368998628258,0.10649627263046568,-43.4406912804399
2483.560192623,2.83203125,-95.31835205992509,-97.39368998628258,0.10649627263046568,-43.4406912804399
2483.593620959,2.83203125,-95.31835205992509,-97.39368998628258,0.10649627263046568,-43.4406912804399
2483.627044886,2.83203125,-95.31835205992509,-97.39368998628258,0.10649627263046568,-43.4406912804399
2483.660469906,2.83203125,-95.31835205992509,-97.39368998628258,0.10649627263046568,-43.4406912804399
2483.693895575,2.83203125,-95.31835205992509,-97.39368998628258,0.10649627263046568,-43.4406912804399
2483.727319447,2.83203125,-95.31835205992509,-97.39368998628258,0.10649627263046568,-43.4406912804399
2483.760750338,2.83203125,-95.31835205992509,-97.39368998628258,0.10649627263046568,-43.4406912804399
2483.79417421,2.83203125,-95.31835205992509,-97.39368998628258,0.10649627263046568,-43.4406912804399
2483.827601786,2.83203125,-95.31835205992509,-97.39368998628258,0.10649627263046568,-43.4406912804399
2483.861025343,2.83203125,-95.31835205992509,-97.39368998628258,0.10649627263046568,-43.4406912804399
2483.894449363,2.83203125,-95.31835205992509,-97.39368998628258,0.10649627263046568,-43.4406912804399
2483.927875773,2.83203125,-95.31835205992509,-97.39368998628258,0.10649627263046568,-43.4406912804399
2483.961301867,2.83203125,-95.31835205992509,-97.39368998628258,0.10649627263046568,-43.4406912804399
2483.994728443,2.83203125,-95.31835205992509,-97.39368998628258,0.10649627263046568,-43.4406912804399
2484.028156889,2.83203125,-95.31835205992509,-97.39368998628258,0.10649627263046568,-43.4406912804399
2484.061581113,2.83203125,-95.31835205992509,-97.39368998628258,0.10649627263046568,-43.4406912804399
2484.095006226,2.83203125,-95.31835205992509,-97.39368998628258,0.10649627263046568,-43.4406912804399
2484.12843208,2.83203125,-95.31835205992509,-97.39368998628258,0.10649627263046568,-43.4406912804399
2484.161860082,2.83203125,-95.31835205992509,-97.39368998628258,0.10649627263046568,-43.4406912804399
2484.195285917,2.83203125,-95.31835205992509,-97.39368998628258,0.10649627263046568,-43.4406912804399
2484.228709955,2.83203125,-95.31835205992509,-97.39368998628258,0.10649627263046568,-43.4406912804399
2484.262136217,2.83203125,-95.31835205992509,-97.39368998628258,0.10649627263046568,-43.4406912804399
2484.295561644,2.83203125,-95.31835205992509,-97.39368998628258,0.10649627263046568,-43.4406912804399
